relation,head,tail,correct,error_type,sentence,head_label,tail_label,commodity,report_index,confidence
CAUSED_BY,INCIDENT,RELEASE,N,RULE,"THIS INCIDENT WAS REPORTED TO DOT AND CPUC DUE TO GAS RELEASE AND ESTIMATED PROPERTY DAMAGE OF $50,000 OR MORE.",CONSEQUENCE,FAILURE_MODE,gas_distribution,461,rule
CAUSED_BY,INCIDENT,RELEASE,N,RULE,"THIS INCIDENT WAS REPORTED TO THE DOT AND CPUC DUE TO GAS RELEASE AND DAMAGES EXCEEDING $139,700.",CONSEQUENCE,FAILURE_MODE,gas_distribution,201,rule
CAUSED_BY,INCIDENT,OUTAGE,N,RULE,THIS INCIDENT WAS REPORTED TO DOT (1185473) DUE TO THE LARGE CUSTOMER OUTAGE RESULTING IN DAMAGES GREATER THAN $50K AND UNINTENTIONAL RELEASE OF GAS GREATER THAN 3 MMCF.,CONSEQUENCE,FAILURE_MODE,gas_distribution,786,rule
CAUSED_BY,INCIDENT,DEBRIS,Y,,THE CAUSE OF THE INCIDENT IS EQUIPMENT FAILURE DUE TO PIPELINE DEBRIS FROM PIGGING OPERATIONS.,CONSEQUENCE,FAILURE_MODE,gas_distribution,834,rule
CAUSED_BY,INCIDENT,LEAKING,Y,,"WHILE THE TYPE OF FLAMMABLE SUBSTANCE COULD NOT BE CONFIRMED, IT IS PRESUMED THAT THE INCIDENT WAS CAUSED BY LEAKING NATURAL GAS FROM THE CRACK IN THE PIPE THAT HAD MIGRATED TO AND COLLECTED IN THE AT&T MANHOLE.",CONSEQUENCE,FAILURE_MODE,gas_distribution,1550,rule
CAUSED_BY,INJURIES,RELEASE,N,NER,THERE WERE NO REPORTED FATALITIES OR INJURIES DUE TO THE GAS RELEASE.,CONSEQUENCE,FAILURE_MODE,gas_distribution,371,rule
CAUSED_BY,INCIDENT,RELEASE,N,RULE,"THIS INCIDENT WAS REPORTED TO THE DOT AND CPUC DUE TO GAS RELEASE AND DAMAGES EXCEEDING $139,700.",CONSEQUENCE,FAILURE_MODE,gas_transmission_gathering,1961,rule
CAUSED_BY,INCIDENT,RUPTURE,Y,,"INCIDENT WAS INITIATED BY A RUPTURE"" TO ""THE INCIDENT WAS CAUSED BY A RUPTURE DUE TO MECHANICAL DAMAGE..""  PART G  3.",CONSEQUENCE,FAILURE_MODE,gas_transmission_gathering,2615,rule
CAUSED_BY,ACCIDENT,FAILURE,Y,,THE INVESTIGATION DETERMINED THE ACCIDENT WAS CAUSED BY A THREADED CONNECTION FAILURE.,CONSEQUENCE,FAILURE_MODE,hazardous_liquid,3700,rule
CAUSED_BY,RELEASE,INTERNAL CORROSION,Y,,AN INVESTIGATION DETERMINED THE CAUSE OF THE RELEASE WAS DUE TO INTERNAL CORROSION.,CONSEQUENCE,FAILURE_MODE,hazardous_liquid,4296,rule
CAUSED_BY,RELEASE,INTERNAL CORROSION,Y,,AN INVESTIGATION DETERMINED THE CAUSE OF THE RELEASE WAS DUE TO INTERNAL CORROSION.,CONSEQUENCE,FAILURE_MODE,hazardous_liquid,4287,rule
CAUSED_BY,RELEASE,LEAK,Y,,THE RELEASE WAS A RESULT OF A VALVE PACKING LEAK ALL MATERIAL RELEASED WAS CONTAINED WITHIN THE STATION SUMP.,CONSEQUENCE,FAILURE_MODE,hazardous_liquid,8669,rule
CAUSED_BY,RELEASE,FUSION DEFECT,Y,,IT WAS DETERMINED THE RELEASE OCCURRED DUE TO A LACK OF FUSION DEFECT IN THE TANK FLOOR.,CONSEQUENCE,FAILURE_MODE,hazardous_liquid,5042,rule
CAUSED_BY,SPILL,CRACK,Y,,THE SPILL WAS A RESULT OF A CRACK IN THE FLANGE OF AN EXISTING CAST IRON VALVE.,CONSEQUENCE,FAILURE_MODE,hazardous_liquid,9589,rule
CAUSED_BY,RELEASE,LEAK,Y,,RELEASE OCCURRED DUE TO A PIN HOLE LEAK CAUSED BY INTERNAL CORROSION NEAR A BRANCH FITTING.,CONSEQUENCE,FAILURE_MODE,hazardous_liquid,6005,rule
HAS_QUANTITY,DISTRIBUTION MAIN,4-INCH,Y,,"THE THIRD-PARTY, J.J. ALBANESE, STRUCK A 4-INCH STEEL DISTRIBUTION MAIN WITH A BACKHOE, CAUSING AN UNINTENTIONAL RELEASE OF NATURAL GAS.",EQUIPMENT,QUANTITY,gas_distribution,1091,rule
HAS_QUANTITY,TRANSMISSION COUPLING,"12""",Y,,"INVESTIGATION CONTINUED AND AT 14:27 A VISIBLE LEAK ON A 12"" TRANSMISSION COUPLING WAS CONFIRMED AT THE COMPRESSION END SEAL.",EQUIPMENT,QUANTITY,gas_distribution,1261,rule
HAS_QUANTITY,DAMAGES,"$139,700",Y,,"THIS INCIDENT WAS REPORTED TO THE DOT AND CPUC DUE TO GAS RELEASE AND DAMAGES EXCEEDING $139,700.",CONSEQUENCE,QUANTITY,gas_distribution,201,rule
HAS_QUANTITY,PIPE,10-FT,Y,,WE STRIPPED OUT A 10-FT SECTION OF THIS NEWLY-DISCOVERED PIPE.,EQUIPMENT,QUANTITY,gas_distribution,262,rule
HAS_QUANTITY,DAMAGES,"$50,000",Y,,"THIS INCIDENT WAS REPORTED TO THE DOT ON OCTOBER 1, 2014 BECAUSE THE COST OF DAMAGES WAS EXPECTED TO EXCEED $50,000.",CONSEQUENCE,QUANTITY,gas_distribution,1091,rule
HAS_QUANTITY,SERVICE LINE,8-FT,Y,,"THE 8-FT SECTION OF SERVICE LINE THAT PREVIOUSLY WAS TESTED ON 8-4-21 WAS FLOW RATE LEAK TESTED AT 7 OZ, AND NO MEASURABLE FLOW RATE WAS OBSERVED.",EQUIPMENT,QUANTITY,gas_distribution,333,rule
HAS_QUANTITY,EQUIPMENT,6-FEET,N,RULE,"BECAUSE THE PIPELINE DEPTH WAS GREATER THAN 6-FEET, SHORING EQUIPMENT WAS REQUIRED TO SAFELY ACCESS THE PIPELINE.",EQUIPMENT,QUANTITY,gas_distribution,220,rule
HAS_QUANTITY,ELECTRIC REPAIR,7 INCHES,N,NER,THE 3-PHASE ELECTRIC REPAIR WAS APPROXIMATELY 7 INCHES BELOW THE GAS SERVICE LINE.,EQUIPMENT,QUANTITY,gas_distribution,255,rule
HAS_QUANTITY,CORE BARREL AUGER,16',Y,,A 16' CORE BARREL AUGER UTILIZED TO DRILL A HOLE FOR A POWER POLE HAD STRUCK A 2' PE DISTRIBUTION GAS MAIN APPROXIMATELY 53' DEEP.,EQUIPMENT,QUANTITY,gas_distribution,745,rule
HAS_QUANTITY,PIPE,750 PSIG,Y,,(LAT / LONG OF VALVE 106-1D IS 37.917951 AND -83.982775) (42-INCH YARD PIPE AND 750 PSIG MAOP EQUAL PIR OF 794-FEET),EQUIPMENT,QUANTITY,gas_transmission_gathering,2825,rule
HAS_QUANTITY,ANCHORS,"4,600 FEET",N,RULE,"PERMIAN ANCHORS WAS DRILLING NEW ANCHORS AT A LOCATION APPROXIMATELY 4,600 FEET FROM THE LOCATION INDICATED ON THE ONE CALL TICKET PLACED.",EQUIPMENT,QUANTITY,gas_transmission_gathering,1937,rule
HAS_QUANTITY,COUPON,36-INCHES,Y,,"THIS INCIDENT WAS REPORTED TO THE NRC ON APRIL 17TH 2024, AT 2:57PM    THE LINE WAS EXCAVATED AND A COUPON (36-INCHES LONG: 0.250-INCH WT) WAS SENT INTO ADV INTEGRITY FOR 3RD PARTY ANALYSIS.",EQUIPMENT,QUANTITY,gas_transmission_gathering,1878,rule
HAS_QUANTITY,BLUNT,"10""",N,NER,"ON JANUARY 10, 2026, AT APPROXIMATELY 0120 HOURS, THE DT MIDSTREAM 10"" BLUNT/PUGH CONNECTOR PIPELINE RUPTURED, AND THE GAS IGNITED.",EQUIPMENT,QUANTITY,gas_transmission_gathering,1657,rule
HAS_QUANTITY,RELEASED,1 BBL,Y,,"APPROXIMATELY 1 BBL OF CRUDE OIL WAS RELEASED WHEN A SWIVEL JOINT ON THE ROOF DRAIN SYSTEM LOCKED UP, CAUSING STRESS TO BE PLACED ON AN ADJOINING 90-DEGREE FITTING.",CONSEQUENCE,QUANTITY,hazardous_liquid,7783,rule
HAS_QUANTITY,PIPE,16-INCH,Y,,"ON APRIL 26, 2023, THE FAILED 16-INCH PIPE AREA WAS PERMANENTLY REPAIRED WITH A PLIDCO SPLIT SLEEVE CLAMP, AND THE PIPELINE RESUMED OPERATION ON APRIL 26, 2023.",EQUIPMENT,QUANTITY,hazardous_liquid,4607,rule
LOCATED_AT,SERVICE LINE TUBING,SCENIC DRIVE,Y,,"ARC BURNS AND PERFORATIONS OF POLYETHYLENE PLASTIC SERVICE LINE TUBING WERE FOUND ALONG SCENIC DRIVE, ON WEST GILES ROAD AS FAR EAST AS 4175 W GILES, AND NORTH OF W GILES AT 1680 BENJAMIN ROAD IN LAKETON TOWNSHIP.",EQUIPMENT,LOCATION,gas_distribution,1286,rule
LOCATED_AT,ELECTRONIC FLOW COMPUTER,GEORGETOWN,Y,,"AT APPROXIMATELY 16:55, AN ELECTRONIC FLOW COMPUTER AT GEORGETOWN REGULATING STATION BEGAN SENSING FALSE HIGH FLOW AND A FALSE HIGH INLET AND OUTLET PRESSURES.",EQUIPMENT,LOCATION,gas_distribution,1110,rule
LOCATED_AT,TRACK LOADER,629 HWY D,Y,,"CONTRACTOR WAS OPERATING A TRACK LOADER CLEANING OUT A FARM POND AT 629 HWY D AND HIT THE TOP OF AN 8"" GAS MAIN IN EASEMENT THAT HAD ONLY 4 INCHES OF COVER.",EQUIPMENT,LOCATION,gas_distribution,1098,rule
LOCATED_AT,MAIN,DAMAGE,N,NER,ZIA PERSONNEL EXCAVATED THE MAIN ON EACH SIDE OF THE DAMAGE TO SQUEEZE OFF THE LINE AND SHUT OFF THE FLOW OF GAS.,EQUIPMENT,LOCATION,gas_distribution,745,rule
LOCATED_AT,BELLHOLE,1501 S. 4TH ST W ALLEY,Y,,"1:40 PM: BEGAN BELLHOLE EXCAVATION AT 1501 S. 4TH ST W ALLEY  2:00 PM:  BEGAN SHUTTING OFF ALL LOCKWING VALVES   2:15 PM: MFD SHUT OFF LOCKWING VALVE TO 1413 S. 4TH ST W  4:00 PM: PCF # 1 PILOT BIT BROKE (WEST OF RUSSELL)  4:00 PM: BEGAN PCF # 2 (WEST OF RUSSELL)  5:10 PM: PCF # 2 STOPPERED, FEED FROM WEST WAS SHUT OFF.",EQUIPMENT,LOCATION,gas_distribution,164,rule
LOCATED_AT,TRAFFIC SIGNAL CONDUIT LINES,"2049 SYLVAN ROAD SW, ATLANTA",Y,,"A THIRD-PARTY PARTY EXCAVATOR (CABLE EAST) STRUCK AND DAMAGED AN ATLANTA GAS LIGHT COMPANY (AGLC) 4-INCH PLASTIC GAS MAIN WHILE DIRECTIONALLY BORING TO INSTALL TRAFFIC SIGNAL CONDUIT LINES NEAR 2049 SYLVAN ROAD SW, ATLANTA.",EQUIPMENT,LOCATION,gas_distribution,195,rule
LOCATED_AT,DISTRIBUTION SYSTEM,"ALICE, TEXAS",Y,,"LOSS OF GAS SUPPLY FROM ENERGY TRANSFER PIPELINE TO CENTERPOINT ENERGY DISTRIBUTION SYSTEM IN ALICE, TEXAS, FORCED CENTERPOINT ENERGY TO PERFORM RE-LITE OF APPROXIMATELY 4100 CUSTOMERS.",EQUIPMENT,LOCATION,gas_distribution,556,rule
LOCATED_AT,MAIN,DOWNING STREET,Y,,MICHCON LOCATED A LEAK OVER A 4-INCH CAST IRON MAIN LOCATED ON DOWNING STREET APPROXIMATELY 67 FEET WEST OF BEATRICE.,EQUIPMENT,LOCATION,gas_distribution,1448,rule
LOCATED_AT,PE MAIN,WEST JERSEY STREET NEAR UNION ST,Y,,A CONTRACTOR DAMAGED A 6 INCH PE MAIN ON WEST JERSEY STREET NEAR UNION ST.,EQUIPMENT,LOCATION,gas_distribution,1417,rule
LOCATED_AT,GRS-824,"OSWEGO, NY",Y,,"ON 4/29/2019 A ROUTINE ANNUAL PERFORMANCE TEST WAS CONDUCTED ON A 90 PSIG REGULATOR STATION, GRS-824-228) IN OSWEGO, NY.",EQUIPMENT,LOCATION,gas_distribution,592,rule
LOCATED_AT,GAS TRANSMISSION LINE,CADDO PARISH  LOUISIANA,Y,,"ON DECEMBER 18TH, 2020 AT 15:22 ENABLE GAS TRANSMISSION LINE A-SOUTH EXPERIENCED A FAILURE IN CADDO PARISH  LOUISIANA.",EQUIPMENT,LOCATION,gas_transmission_gathering,2286,rule
LOCATED_AT,PIGGING,STATION,N,NER,IT HAS NOT BEEN DETERMINED THAT THE PRESENCE OF A SITE SPECIFIC PIGGING PROCEDURE AT BORCHERS STATION WOULD HAVE PREVENTED THIS INCIDENT.,EQUIPMENT,LOCATION,gas_transmission_gathering,2387,rule
LOCATED_AT,VENT VALVE,TRINITY,Y,,THE VENT VALVE ON HOLY TRINITY COMPRESSOR STATION UNIT #2 IS CONTROLLED BY A BETTIS PNEUMATIC OPERATOR WITH AIR SUPPLY TO OPERATE.,EQUIPMENT,LOCATION,gas_transmission_gathering,2946,rule
LOCATED_AT,FISHER CONTROL VALVE,STATION,Y,,"AT APPROXIMATELY 11:20 AM ON JULY 2, 2018, A P66 EMPLOYEE DOING STATION CHECKS FOUND THE SEAL ON THE FISHER CONTROL VALVE AT PEP STATION WAS LEAKING CRUDE OIL TO THE GROUND.",EQUIPMENT,LOCATION,hazardous_liquid,6254,rule
LOCATED_AT,ABSORBENT PADS,AREA,Y,,ABSORBENT PADS WERE PLACED IN AND AROUND THE AREA ONCE IT WAS SAFE TO ENTER THE SITE OF THE LEAK.,EQUIPMENT,LOCATION,hazardous_liquid,5908,rule
MADE_OF,MAIN PIPE,PLASTIC,Y,,"UPON ARRIVAL, WASHINGTON GAS FOUND A 12-INCH PLASTIC MAIN PIPE HAD BEEN DAMAGED DURING EXCAVATION AND GAS WAS BLOWING.",EQUIPMENT,MATERIAL_SPEC,gas_distribution,612,rule
MADE_OF,SAW,STEEL,N,RULE,"THEY THEN MADE TWO CUTS WITH A DEMO SAW ON THE 4 INCH STEEL MAIN, REMOVING A 4 INCH RING.",EQUIPMENT,MATERIAL_SPEC,gas_distribution,1316,rule
MADE_OF,LINE,STEEL,Y,,PNM HAD EXPOSED AN ABANDONED STEEL LINE WITH YELLOW COATING APPROXIMATELY 12' AWAY FROM THE ACTIVE 2' PE GAS LINE.,EQUIPMENT,MATERIAL_SPEC,gas_distribution,745,rule
MADE_OF,MAIN,LOW PRESSURE STEEL,Y,,THE 12 INCH MAIN RUNS NORTH AND SOUTH ON BROADWAY AND HAD A RADIAL 4 INCH LOW PRESSURE STEEL MAIN COMING OFF TO THE WEST ON 1ST ST.,EQUIPMENT,MATERIAL_SPEC,gas_distribution,1316,rule
MADE_OF,MAIN,PLASTIC,Y,,THE 3RD PARTY DAMAGE WAS TO A 6-INCH PLASTIC MAIN OPERATING AT 45 PSIG IN THE HURON RIVER.,EQUIPMENT,MATERIAL_SPEC,gas_distribution,658,rule
MADE_OF,MAIN,PLASTIC NATURAL GAS,Y,,A 4-INCH PLASTIC NATURAL GAS MAIN WAS RUPTURED BY A BACKHOE WHILE A CONTRACT CREW WAS INSTALLING A STORM DRAINAGE SYSTEM.,EQUIPMENT,MATERIAL_SPEC,gas_distribution,456,rule
MADE_OF,MAIN,STEEL COATED,Y,,THE 10 INCH STEEL COATED MAIN LOCATED ON THE NORTH SIDE OF SARATOGA BLVD BETWEEN CIMMARON AND STAPLES BEGAN TO LEAK UNDER A CONCRETE DRIVEWAY ENTRANCE.,EQUIPMENT,MATERIAL_SPEC,gas_distribution,1149,rule
MADE_OF,WATER SERVICE,STEEL,N,RULE,"CURRENT ON WATER SERVICE ARCED ONTO 6' STEEL MAIN, CREATING HOLE ALLOWING WATER TO ENTER MAIN.",EQUIPMENT,MATERIAL_SPEC,gas_distribution,1304,rule
MADE_OF,DISTRIBUTION LINE,STEEL FBE COATED HIGH PRESSURE,Y,,AN EXISTING 12 INCH STEEL FBE COATED HIGH PRESSURE DISTRIBUTION LINE WAS NOT LOCATED.,EQUIPMENT,MATERIAL_SPEC,gas_distribution,460,rule
MADE_OF,SERVICE LINE,PLASTIC NATURAL GAS,Y,,A THIRD PARTY CONTRACTOR (C & M PLUMBING LLC) INSTALLING A DRAIN LINE FROM A GARAGE TO A POND DAMAGED A 1/2 INCH PLASTIC NATURAL GAS SERVICE LINE (60 PSIG) WITH A MINI-EXCAVATOR.,EQUIPMENT,MATERIAL_SPEC,gas_distribution,1009,rule
MADE_OF,MAIN,PLASTIC GAS,Y,,"THE CITY OF SANFORD WATER DEPARTMENT DAMAGED A 4-INCH PLASTIC GAS MAIN WHILE REPAIRING A WATER LINE NEAR THE INTERSECTION OF MCNEILL ROAD AND HAWKINS AVENUE IN SANFORD, NC.",EQUIPMENT,MATERIAL_SPEC,gas_distribution,174,rule
MADE_OF,BACKHOE,STEEL,N,RULE,"EBMUD STRUCK PG&E'S 2-INCH STEEL DISTRIBUTION MAIN WITH A BACKHOE, CAUSING AN UNINTENTIONAL RELEASE OF GAS.",EQUIPMENT,MATERIAL_SPEC,gas_distribution,1094,rule
MADE_OF,MAIN,STEEL,Y,,"A THIRD-PARTY CONSTRUCTION COMPANY (OPAL CONSTRUCTION) DAMAGED AN 1 1/4"" PURGE RISER ON A 2"" STEEL MAIN AT MILL RD AND PENINSULA BLVD IN HEWLETT WHILE DOING RECONSTRUCTION TO A PARKING LOT DURING THE MILLING PHASE OF RECONSTRUCTION.",EQUIPMENT,MATERIAL_SPEC,gas_distribution,537,rule
MADE_OF,LINE,PE GAS,Y,,CONTRACTOR HIT 2 INCH PE GAS LINE AND IT IGNITED.,EQUIPMENT,MATERIAL_SPEC,gas_distribution,340,rule
MADE_OF,SERVICE LINE,PLASTIC NATURAL GAS,Y,,"AT APPROXIMATELY 2:14 PM ON MONDAY, OCTOBER 5, 2015, A CONTRACTOR USING A TRENCHER TO INSTALL DRAINAGE STRUCK A 1"" CTS PLASTIC NATURAL GAS SERVICE LINE WHICH RESULTED IN A FIRE DAMAGING 2 RESIDENCES.",EQUIPMENT,MATERIAL_SPEC,gas_distribution,972,rule
REMEDIATED_BY,PUNCTURED,MECHANICAL,N,NER,MAINTENANCE CREW WORKING FOR THE CITY OF BELLEVILLE WATER DEPARTMENT STRUCK AND MECHANICAL PUNCTURED A 4-INCH 10PSIG PLASTIC MAIN WHILE PERFORMING WATER MAIN WORK.,FAILURE_MODE,ACTION_TAKEN,gas_distribution,941,rule
REMEDIATED_BY,LEAK,SURVEY,N,RULE,LEAK SURVEY AND INSPECTION OF CATHODIC PROTECTION SYSTEMS IN AREA COMPLETED.,FAILURE_MODE,ACTION_TAKEN,gas_distribution,1304,rule
REMEDIATED_BY,LEAKS,CUT,Y,,"AS A RESULT OF THE INCIDENT, ROUTE 34 WAS CLOSED FOR APPROXIMATELY 2 DAYS WHILE NJNG AND ITS CONTRACTORS FOUND THE LEAKS AND CUT OUT AND REPLACED THE DAMAGED PORTIONS OF THE GAS MAIN.",FAILURE_MODE,ACTION_TAKEN,gas_distribution,360,rule
REMEDIATED_BY,LEAKS,SURVEY,N,RULE,"A SPECIAL LEAK SURVEY WAS CONDUCTED IMMEDIATELY AFTER THE INCIDENT, AND NO LEAKS WERE DETECTED.",FAILURE_MODE,ACTION_TAKEN,gas_distribution,1113,rule
REMEDIATED_BY,LEAKS,SURVEYS,N,RULE,BARHOLE SURVEYS AND LEAK SURVEYS WERE COMPLETED WITH NO ADDITIONAL LEAKS FOUND.,FAILURE_MODE,ACTION_TAKEN,gas_distribution,26,rule
REMEDIATED_BY,RELEASE,ISOLATED,Y,,THE TAP VALVE WAS SHUT IN AND THE RELEASE WAS ISOLATED.,FAILURE_MODE,ACTION_TAKEN,gas_transmission_gathering,1990,rule
REMEDIATED_BY,LEAK,ISOLATE,Y,,TGP MOBILIZED PERSONNEL AND BEGAN TO ISOLATE FACILITIES AROUND THE LEAK LOCATION.,FAILURE_MODE,ACTION_TAKEN,gas_transmission_gathering,3466,rule
REMEDIATED_BY,MECHANICAL,ANALYSES,N,RULE,SUPPLEMENTAL- THE RESULTS OF THE METALLURGICAL ANALYSES REVEALED THAT THE IN-SERVICE FAILURE WAS ASSOCIATED WITH LATENT MECHANICAL DAMAGE ON THE PIPE BODY.,FAILURE_MODE,ACTION_TAKEN,gas_transmission_gathering,1672,rule
REMEDIATED_BY,VENTING,RECONFIGURED,Y,,"AFTER THE PLANT WAS RECONFIGURED, GAS STOPPED VENTING AT 5:35 AM.",FAILURE_MODE,ACTION_TAKEN,gas_transmission_gathering,2169,rule
REMEDIATED_BY,RUPTURE,PRESSURED,N,RULE,"AS THE PIPELINE WAS BEING PRESSURED UP, A RUPTURE OF THE LINE OCCURRED AT APPROXIMATELY 1136 PSIG ON THE PIPELINE.",FAILURE_MODE,ACTION_TAKEN,gas_transmission_gathering,3359,rule
REMEDIATED_BY,CRACK,EXCAVATED,N,RULE,"AFTER THE SITE WAS EXCAVATED, A CRACK ON THE BOTTOM OF A GIRTH WELD WAS FOUND TO BE THE CAUSE OF THE LEAK.",FAILURE_MODE,ACTION_TAKEN,hazardous_liquid,5264,rule
REMEDIATED_BY,FAILURES,ANALYSES,N,RULE,"THE IA INCLUDED METALLURGICAL ANALYSES OF THREE OF THE DENT FAILURES, ALL CONFIRMING THAT PRESSURE CYCLING OF THE DENT RESULTED IN THROUGH WALL FATIGUE CRACKS.",FAILURE_MODE,ACTION_TAKEN,hazardous_liquid,7196,rule
REMEDIATED_BY,LEAKING,REMOVED,Y,,REMOVED THE LEAKING 24' 46' LONG JOINT AND MADE 1 WELD ON REPLACING PIPE.,FAILURE_MODE,ACTION_TAKEN,hazardous_liquid,9254,rule
REMEDIATED_BY,LEAK,ISOLATING,Y,,"AFTER SAFELY ISOLATING THE LEAK, OIL RESPONSE CREWS MOVED IN TO START CLEANING UP THE CRUDE OIL.",FAILURE_MODE,ACTION_TAKEN,hazardous_liquid,4054,rule
REMEDIATED_BY,LEAKS,CHECKED,N,NER,"THE O-RING WAS REPLACED AND CHECKED FOR LEAKS, NONE OBSERVED.",FAILURE_MODE,ACTION_TAKEN,hazardous_liquid,8113,rule
RESULTED_IN,LEAK,IGNITED,Y,,"WHILE LEAK CREW WAS IN THE PROCESS OF REMOVING CONCRETE IN ORDER TO DIG OUT THE LEAK, THE NATURAL GAS IGNITED.",FAILURE_MODE,CONSEQUENCE,gas_distribution,1149,rule
RESULTED_IN,RELEASE,FIRE,N,RULE,"THE FIRE CONSUMED THE HOME AND THE METER SET WAS MELTED, CAUSING A RELEASE OF GAS TO THE ATMOSPHERE AT THE RISER.",FAILURE_MODE,CONSEQUENCE,gas_distribution,1320,rule
RESULTED_IN,HEAT,FLASH FIRE,Y,,"IN ADDITION, APPROXIMATELY 2 1/2 HOURS AFTER GAS HAD BEEN SHUT OFF WHICH WAS AFTER THE FIRE DEPARTMENT'S EMERGENCY RESPONDERS HAD DETERMINED THAT THE INCIDENT WAS SAFE ENOUGH FOR THEM TO LEAVE, ONE PERSON WHO PREVIOUSLY WAS TOLD BY COMPANY CREWS TO STAY AWAY FROM THE INCIDENT SCENE, ENTERED UNDERNEATH THE BRIDGE ON THE OPPOSITE SIDE OF THE CREEK AND INITIATED A FLASH FIRE FROM AN UNKNOWN HEAT SOURCE WHERE THE INDIVIDUAL SUFFERED BURNS TO THE SKIN AND WAS TAKEN TO THE HOSPITAL AND ADMITTED.",FAILURE_MODE,CONSEQUENCE,gas_distribution,863,rule
RESULTED_IN,MELTED,DAMAGED,N,RULE,UPON ARRIVAL THE TECHNICIAN NOTED THAT THE FIRE DEPARTMENT HAD CLOSED THE SERVICE VALVE AND THAT THE METER WAS DAMAGED AND MELTED DUE TO THE FIRE.,FAILURE_MODE,CONSEQUENCE,gas_distribution,433,rule
RESULTED_IN,RELEASED,IGNITED,Y,,"NATURAL GAS AT APPROX 52 PSIG WAS RELEASED AND WAS IGNITED BY AN UNKNOWN SOURCE, ALTHOUGH IT HAS BEEN SPECULATED THAT THE ARCING ELECTRIC CONDUCTOR WAS THE SOURCE.",FAILURE_MODE,CONSEQUENCE,gas_distribution,1286,rule
RESULTED_IN,RELEASED,FIRE,Y,,THE HEAT FROM THE STRUCTURE FIRE MELTED A REGULATOR ON THE MANIFOLD WHICH IN TURN RELEASED GAS AND CONTRIBUTED TO THE FIRE.,FAILURE_MODE,CONSEQUENCE,gas_distribution,1537,rule
RESULTED_IN,ELECTRICAL SURGE,FIRE,Y,,THE INVESTIGATION RESULTS INDICATED THE CAUSE OF THE FIRE WAS AN ELECTRICAL SURGE.,FAILURE_MODE,CONSEQUENCE,gas_distribution,1135,rule
RESULTED_IN,LEAKING,IGNITED,Y,,CUSTOMER METER SERVICES (CMS) WAS DISPATCHED TO THE LOCATION.AND DISCOVERED 12 INCH CAST IRON MAIN  LEAKING AND IGNITED INSIDE THE TRENCH.,FAILURE_MODE,CONSEQUENCE,gas_distribution,609,rule
RESULTED_IN,LEAKAGE,FIRE,Y,,"THE HEAT FROM THE OIL FIRE HAD, IN TURN, DAMAGED A VALVE IN THE STARTING GAS SYSTEM, CAUSING GAS LEAKAGE AND A SUBSEQUENT SMALL SECONDARY FIRE.",FAILURE_MODE,CONSEQUENCE,gas_transmission_gathering,3478,rule
RESULTED_IN,BOOM,FIREBALL,N,NER,"AT APPROXIMATELY 6:25 AM, THE 12"" DISCHARGE PIPE FROM UNIT #13 & UNIT 14 BLEW OUT ON THE NORTHWEST  CORNER OF THE COMPRESSOR BUILDING, FOLLOWED BY A LOUDER ""BOOM"" AND THEN A HUGE FIREBALL FOLLOWED.",FAILURE_MODE,CONSEQUENCE,gas_transmission_gathering,2672,rule
RESULTED_IN,FLOOD,FLASH,N,NER,HEAVY RAIN THEN CAUSED A FLASH FLOOD.,FAILURE_MODE,CONSEQUENCE,gas_transmission_gathering,3179,rule
RESULTED_IN,BLOWING,DAMAGE,N,RULE,"THE LINE HAD BEEN LOCATED AND EXPOSED, HOWEVER AN UNMAPPED 2"" STEEL ABANDONED STUB WAS STRUCK BY THE EXCAVATOR RESULTING IN THE DAMAGE AND BLOWING GAS.",FAILURE_MODE,CONSEQUENCE,gas_transmission_gathering,2198,rule
RESULTED_IN,MALFUNCTION,DEBRIS,N,NER,SSCGP DETERMINED THAT DEBRIS IN THE PILOT CAUSED THE RELIEF VALVE TO MALFUNCTION.,FAILURE_MODE,CONSEQUENCE,gas_transmission_gathering,2402,rule
RESULTED_IN,CRASHED,RELEASE,Y,,"THE RELEASE OCCURRED WHEN A TRACTOR CRASHED THROUGH THE VALVE SITE FENCING, HIT AN ABOVEGROUND VALVE AND BROKE THE VALVE.",FAILURE_MODE,CONSEQUENCE,hazardous_liquid,6300,rule
RESULTED_IN,CORROSION,RELEASE,Y,,A SUBSEQUENT  INVESTIGATION  CONCLUDED THAT A BELOW GROUND VALVE BODY PLUG WITH EVIDENCE OF CORROSION HAD FAILED THEREBY CAUSING THE RELEASE OF OIL FROM THE PIPELINE.,FAILURE_MODE,CONSEQUENCE,hazardous_liquid,7477,rule
