report_index,start,end,commodity,span,sentence,decision
914,64,74,gas_distribution,1639 HOURS,PG&E CREWS ARRIVED AT 1535 HOURS AND SHUT IN THE FLOW OF GAS AT 1639 HOURS BY SQUEEZING THE MAIN.,DROP
1158,74,77,gas_distribution,60,THE RESULTING DOUBLE REGULATOR FAILURE RESULTED IN AN OVERPRESSURE OF THE 60 PSIG MAOP DOWNSTREAM SYSTEM.,DROP
622,26,32,gas_distribution,A HOLE,"DURING THE INVESTIGATION, A HOLE (APPROXIMATELY 4X4) CUT INTO THE TOP OF THE METAL SEWER LINE IN THE BASEMENT BEFORE THE SEWER TRAP WAS DISCOVERED.",DROP
1746,91,109,gas_transmission_gathering,ACCIDENTAL RELEASE,"DURING THIS PROCESS, A FAILURE FROM AN UNKNOWN SOURCE OCCURRED, RESULTING IN AN UNPLANNED, ACCIDENTAL RELEASE OF NATURAL GAS.",CON
3010,14,25,gas_transmission_gathering,ACCUMULATED,FREEZING RAIN ACCUMULATED ON THE ESD PILOT CAUSING VALVE TO ACTUATE.,DROP
1038,358,379,gas_distribution,ADJACENT CONSTRUCTION,"NJNG BELIEVES THAT THERE WERE THREE PRIMARY CONTRIBUTING CAUSES FOR THE FAILURE:  (I) A POOR QUALITY WELD, LACKING ADEQUATE PENETRATION; (II) ENVIRONMENTALLY ASSISTED CRACKING OF THE WELD (E.G., CORROSION); AND (III) EXTERNAL STRESS ON THE GAS MAIN, POSSIBLY FROM POST-INSTALLATION IMPACT, DIFFERENTIAL SOIL SETTLEMENT BELOW THE PIPE, SOIL DISPLACEMENT FROM ADJACENT CONSTRUCTION, ETC.",KEEP
1172,77,101,gas_distribution,AIR COMPRESSOR EXPLOSION,CHANNEL 12 NEWS REPORTED THAT A ONE STORY AUTO BODY SHOP COLLAPSED DUE TO AN AIR COMPRESSOR EXPLOSION INSIDE THE BUILDING; ADDITIONAL REPORTS ON-SITE AND IN THE MEDIA STATED A GARAGE COMPRESSOR EXPLODED CAUSING THE BUILDING TO COLLAPSE.,KEEP
45,36,58,gas_distribution,AMOUNT OF GAS RELEASED,THIS EVENT IS REPORTABLE DUE TO THE AMOUNT OF GAS RELEASED.,DROP
141,87,104,gas_distribution,AN UNKNOWN SOURCE,AND WHICH ALLOWED NATURAL GAS TO LEAK INTO THE REALTY BUILDING WHERE IT WAS IGNITED BY AN UNKNOWN SOURCE.,DROP
443,4,11,gas_distribution,ARCING,"THE ARCING BURNED 2 HOLES IN THE METER SET: 1 ON THE METER (6 ""WC) AND 1 ON THE INLET TO THE SERVICE REGULATOR (15 PSIG).",FM
3442,135,188,gas_transmission_gathering,BANK EROSION CAUSED BY EXCESSIVE HURRICANE RAIN WATER,"DURING TROPICAL STORM IRENE, SEVERAL HUNDRED FEET OF THE MOODNA CREEK BANK LOCATED IN THE TOWN OF CORNWALL, NEW YORK, COLLAPSED DUE TO BANK EROSION CAUSED BY EXCESSIVE HURRICANE RAIN WATER AND UNDERMINED THIS 6"" CARBON STEEL (0.219"" WALL THICKNESS) 1961 VINTAGE PIPELINE OPERATING AT 450 PSIG AT THE TIME OF THE FAILURE WITH AN MAOP OF 565 PSIG.",KEEP
8953,54,75,hazardous_liquid,BLADE BEARING FAILURE,3-22-12 SUPPLEMENTAL REPORT  THE LEAK WAS CAUSED BY A BLADE BEARING FAILURE INSIDE THE METER.,FM
1013,67,78,gas_distribution,BLOWING GAS,"UPON ARRIVAL, PSE EMERGENCY RESPONDERS FOUND A DAMAGED 4"" STW MAIN BLOWING GAS.",CON
2515,24,47,gas_transmission_gathering,BLOWN INSULATING GASKET,IT WAS CONFIRMED THAT A BLOWN INSULATING GASKET WAS THE CAUSE.,FM
863,22,40,gas_distribution,BURNING MATTRESSES,THE FIRE CONSISTED OF BURNING MATTRESSES AND OTHER TYPES OF FURNITURE ASSOCIATED WITH PEOPLE WHO WERE LIVING UNDERNEATH THE BRIDGE.,CON
761,102,111,gas_distribution,BYPASSING,THE WELDER ATTEMPTED TO WELD THE PLUG SHUT AND IGNITED A SMALL AMOUNT OF GAS WHICH HE WAS UNAWARE WAS BYPASSING.,KEEP
877,20,26,gas_distribution,CAUSE,THE LEAK ORIGIN AND CAUSE ARE STILL UNDER INVESTIGATION AS NOTED IN PART G RESPONSE.,DROP
5406,91,102,hazardous_liquid,CO2 RELEASE,"BECAUSE THE AREA OF THE LEAK COULD NOT BE ACCESSED DUE TO LACK OF VISIBILITY CAUSED BY THE CO2 RELEASE, THE INTERCONNECT VALVE COULD NOT BE SAFELY SHUT, IN ORDER TO ISOLATE THE NEJD PIPELINE FROM THE LOCKHART LATERAL.",CON
2388,82,103,gas_transmission_gathering,COATING DETERIORATION,"IT IS DETERMINED THAT 70 YEARS OF SEASONAL EXPOSURE TO WATER AND ATMOSPHERE, WITH COATING DETERIORATION  AT THE 12 O'CLOCK POSITION, REDUCED THIS SECTION OF PIPE TO WHERE IT COULD NO LONGER SUPPORT THE HOOP STRESS GENERATED BY THE INTERNAL LINE PRESSURE (225 PSIG).",KEEP
119,88,97,gas_distribution,COLLISION,THE MAJORITY OF DAMAGE WAS NOT CAUSED BY FIRE (BRICK) BUT BY STRUCTURAL DAMAGE FROM THE COLLISION; THE BUILDING WAS LATER DEMOLISHED.,KEEP
708,57,74,gas_distribution,CONNECTION FAILED,"INSTALLATION STRESS MAY BE A CONTRIBUTING FACTOR, AS THE CONNECTION FAILED WHEN SOIL WAS REMOVED FROM AROUND THE VALVE AND SERVICE LINE AND COULD HAVE RESULTED IN SUDDEN MOVEMENT.",FM
1025,28,38,gas_distribution,CORROSION,"SUBSEQUENT TESTING SHOWED A CORROSION LEAK APPROXIMATELY FOUR FEET FROM THE INCORRECTLY LABELED CURB BOX, AND ADDITIONAL EXAMINATION OF THAT FACILITY REVEALED THAT THE ELBOW AT THE TERMINATION OF THE DISCONTINUED CUSTOMER-OWNED SERVICE LINE WAS UNCAPPED.",FM
1038,195,204,gas_distribution,CORROSION,"NJNG BELIEVES THAT THERE WERE THREE PRIMARY CONTRIBUTING CAUSES FOR THE FAILURE:  (I) A POOR QUALITY WELD, LACKING ADEQUATE PENETRATION; (II) ENVIRONMENTALLY ASSISTED CRACKING OF THE WELD (E.G., CORROSION); AND (III) EXTERNAL STRESS ON THE GAS MAIN, POSSIBLY FROM POST-INSTALLATION IMPACT, DIFFERENTIAL SOIL SETTLEMENT BELOW THE PIPE, SOIL DISPLACEMENT FROM ADJACENT CONSTRUCTION, ETC.",FM
6934,122,139,hazardous_liquid,CORROSION FATIGUE,RESULTS OF THE NATIONAL TRANSPORTATION SAFETY BOARD INVESTIGATION INDICATE THE PROBABLE CAUSE OF THE PIPELINE RUPTURE WAS CORROSION FATIGUE CRACKS THAT GREW AND COALESCED UNDER DISBONDED POLYETHYLENE TAPE COATING.,FM
533,132,138,gas_distribution,CRASH,"THE COST OF THE EMERGENCY RESPONSE TO THIS INCIDENT AND THE REPAIRS NEEDED TO REPLACE THE DISTRICT REGULATOR STATION DAMAGED BY THE CRASH IS ESTIMATED AT $288,000.",KEEP
622,53,62,gas_distribution,CUT INTO,"DURING THE INVESTIGATION, A HOLE (APPROXIMATELY 4X4) CUT INTO THE TOP OF THE METAL SEWER LINE IN THE BASEMENT BEFORE THE SEWER TRAP WAS DISCOVERED.",DROP
146,88,96,gas_distribution,DAMAGED,"ON APRIL 5, 2024, AT APPROXIMATELY 13:07 PM, A 10-INCH STEEL HIGH PRIORITY GAS MAIN WAS DAMAGED BY A THIRD-PARTY CONTRACTOR ATTEMPTING TO DRIVE A STEEL SHEET PILE INTO THE GROUND, SUBSEQUENTLY STRIKING THE GAS FACILITY.",DROP
418,104,112,gas_distribution,DAMAGED,"ON SEPTEMBER 24, 2020, A THIRD-PARTY EXCAVATOR WAS BORING TELECOMMUNICATIONS NEAR 2500 E PLANO PKWY AND DAMAGED A MARKED 6-INCH POLY MAIN.",DROP
546,124,132,gas_distribution,DAMAGED,"INVESTIGATION OF THE INCIDENT SHOWED THERE WAS A NOTIFICATION FOR A USA TICKET, BUT IT WAS NOT SUFFICIENT AS THE CONTRACTOR DAMAGED THE 1.25 INCH SERVICE 300 FEET OUTSIDE THE DESCRIBED WORK AREA AS NOTED ON THE USA TICKET.",DROP
713,59,67,gas_distribution,DAMAGED,"WHILE EXCAVATING TO REMOVE THE GAS MAIN STUB, THE STUB WAS DAMAGED CAUSING AN UNINTENTIONAL RELEASE OF GAS.",DROP
6991,58,87,hazardous_liquid,DC STRAY CURRENT INTERFERENCE,THE PRIMARY CONTRIBUTING FACTOR TO THE CORROSION RATE WAS DC STRAY CURRENT INTERFERENCE FROM AN ADJACENT PIPELINE.,KEEP
1710,147,153,gas_transmission_gathering,DEBRIS,"DURING THE ONSITE INSPECTION OF THE RELIEF VALVE THE OPERATIONS TEAM, IT WAS BELIEVED THAT THE RELIEF VALVE AND RELIEF PILOT VALVE WERE DAMAGED BY DEBRIS PREVENTING IT FROM RESEATING AND CLOSING.",KEEP
1038,290,318,gas_distribution,DIFFERENTIAL SOIL SETTLEMENT,"NJNG BELIEVES THAT THERE WERE THREE PRIMARY CONTRIBUTING CAUSES FOR THE FAILURE:  (I) A POOR QUALITY WELD, LACKING ADEQUATE PENETRATION; (II) ENVIRONMENTALLY ASSISTED CRACKING OF THE WELD (E.G., CORROSION); AND (III) EXTERNAL STRESS ON THE GAS MAIN, POSSIBLY FROM POST-INSTALLATION IMPACT, DIFFERENTIAL SOIL SETTLEMENT BELOW THE PIPE, SOIL DISPLACEMENT FROM ADJACENT CONSTRUCTION, ETC.",KEEP
541,34,62,gas_distribution,DIFFUSE FUEL AND AIR MIXTURE,THE EXPLOSION WAS THE RESULT OF A DIFFUSE FUEL AND AIR MIXTURE.,KEEP
2301,93,105,gas_transmission_gathering,DIGGING DOWN,"AT 14:00, THE AREA MANAGER REPORTED THAT THE ACCIDENT INVOLVED A FATALITY AND THAT THEY WERE DIGGING DOWN TO THE VALVE TO SHUT OFF GAS FLOW.",DROP
179,191,211,gas_distribution,DIRECTIONALLY BORING,"ON NOVEMBER 8, 2023, AT APPROXIMATELY 15:53 HOURS, A THIRD-PARTY PARTY EXCAVATOR (WASHINGTON COMMUNICATION) STRUCK AND DAMAGED AN ATLANTA GAS LIGHT COMPANY (AGLC) 6-INCH STEEL GAS MAIN WHILE DIRECTIONALLY BORING TO INSTALL ELECTRIC CONDUIT LINES AT THE INTERSECTION OF NORTHSIDE DRIVE AND OLD POWERS FERRY ROAD, SANDY SPRINGS, GA.",KEEP
1838,75,86,gas_transmission_gathering,DISCHARGED,"- WHEN ATTEMPTING TO MANUALLY OPERATE V-90 HYDRAULICALLY, OIL UNEXPECTEDLY DISCHARGED FROM THE ACTUATOR'S MANUAL HYDRAULIC OVERRIDE SYSTEM RELIEF VALVE AND THE VALVE FAILED TO OPERATE.",CON
5339,33,43,hazardous_liquid,DISCHARGED,"THE STATIC IS UNDERSTOOD TO HAVE DISCHARGED AT THE VACUUM BOX, IGNITING HYDROCARBON VAPORS OR MIST, DAMAGING THE VACUUM BOX AND HOSE, AND RESULTING IN A FIRE AT THE WORK SITE.",KEEP
1025,200,213,gas_distribution,DISCONTINUED,"SUBSEQUENT TESTING SHOWED A CORROSION LEAK APPROXIMATELY FOUR FEET FROM THE INCORRECTLY LABELED CURB BOX, AND ADDITIONAL EXAMINATION OF THAT FACILITY REVEALED THAT THE ELBOW AT THE TERMINATION OF THE DISCONTINUED CUSTOMER-OWNED SERVICE LINE WAS UNCAPPED.",DROP
2068,153,164,gas_transmission_gathering,DISENGAGED,"FOLLOWING THE REPAIR, WHEN THE VALVE WAS ACTUATED USING THE HAND PUMP, HYDRAULIC OIL BEGAN TO MOVE TO THE OPEN SIDE OF THE VALVE STEM AND THE VALVE GATE DISENGAGED AND MOVED IN AN UNCONTROLLED MANNER.",FM
1158,14,38,gas_distribution,DOUBLE REGULATOR FAILURE,THE RESULTING DOUBLE REGULATOR FAILURE RESULTED IN AN OVERPRESSURE OF THE 60 PSIG MAOP DOWNSTREAM SYSTEM.,FM
5427,99,117,hazardous_liquid,DREDGING OPERATION,"AT 9:47 AM, PIPELINE CONTROL RECEIVED A CALL FROM THE PORT OF CORPUS CHRISTI NOTIFYING THEM THAT A DREDGING OPERATION HAD STRUCK A PIPELINE AND THERE WAS A FIRE.",KEEP
2531,178,194,gas_transmission_gathering,DUCTILE OVERLOAD,"/  SUPPLEMENTAL REPORT (10/04/2019)  UPDATED PART D.7 TO INCLUDE COST OF DAMAGE    SUPPLEMENTAL REPORT (10/24/2019)  THE METALLURGICAL ROOT CAUSE OF THE INCIDENT WAS A RESULT OF DUCTILE OVERLOAD FROM A LONGITUDINAL TENSILE OR BENDING FORCE, LIKELY FROM LAND MOVEMENT THAT EXCEEDED THE LOAD CARRYING CAPACITY OF THE WELD.",FM
2987,79,95,gas_transmission_gathering,DUCTILE OVERLOAD,THE RESULT OF THE 3RD PARTY ANALYSIS DETERMINED THAT THE FAILURE WAS CAUSED BY DUCTILE OVERLOAD OF THE PIPE WALL AT THE WELD TOE.,FM
6,144,172,gas_distribution,DURING EXCAVATION ACTIVITIES,"ON 06/24/2026 IN DICKINSON, NORTH DAKOTA, A CITY-HIRED CONTRACTOR DAMAGED MONTANA DAKOTA UTILITIES’ (MDU’S) 12-INCH HIGH-PRESSURE HDPE GAS MAIN DURING EXCAVATION ACTIVITIES ASSOCIATED WITH WATER, SEWER, AND ROADWAY RESTORATION WORK.",KEEP
2373,25,40,gas_transmission_gathering,ELECTRICAL ARC,THE FIRE WAS CAUSED BY AN ELECTRICAL ARC WHICH DAMAGED ACTUATOR POWER GAS TUBING AND IGNITED THE LEAK IT CAUSED.,FM
1038,142,175,gas_distribution,ENVIRONMENTALLY ASSISTED CRACKING,"NJNG BELIEVES THAT THERE WERE THREE PRIMARY CONTRIBUTING CAUSES FOR THE FAILURE:  (I) A POOR QUALITY WELD, LACKING ADEQUATE PENETRATION; (II) ENVIRONMENTALLY ASSISTED CRACKING OF THE WELD (E.G., CORROSION); AND (III) EXTERNAL STRESS ON THE GAS MAIN, POSSIBLY FROM POST-INSTALLATION IMPACT, DIFFERENTIAL SOIL SETTLEMENT BELOW THE PIPE, SOIL DISPLACEMENT FROM ADJACENT CONSTRUCTION, ETC.",FM
3552,17,29,gas_transmission_gathering,ESCAPING GAS,THE FORCE OF THE ESCAPING GAS BLEW THE PERSON ON THE GROUND A DISTANCE OF APPROXIMATELY 80 FEET KILLING HIM.,CON
6922,110,170,hazardous_liquid,EXCAVATOR BUCKET TEETH APPLYING SUBSTANTIAL FORCE TO THE TOR,A METALLURGICAL EXAMINATION OF THE PIPE AND THE TOR SUPPORTS THE CONCLUSION THAT THE DAMAGE WAS CAUSED BY THE EXCAVATOR BUCKET TEETH APPLYING SUBSTANTIAL FORCE TO THE TOR.,KEEP
1038,217,232,gas_distribution,EXTERNAL STRESS,"NJNG BELIEVES THAT THERE WERE THREE PRIMARY CONTRIBUTING CAUSES FOR THE FAILURE:  (I) A POOR QUALITY WELD, LACKING ADEQUATE PENETRATION; (II) ENVIRONMENTALLY ASSISTED CRACKING OF THE WELD (E.G., CORROSION); AND (III) EXTERNAL STRESS ON THE GAS MAIN, POSSIBLY FROM POST-INSTALLATION IMPACT, DIFFERENTIAL SOIL SETTLEMENT BELOW THE PIPE, SOIL DISPLACEMENT FROM ADJACENT CONSTRUCTION, ETC.",KEEP
494,38,63,gas_distribution,EXTERNAL STRESSES APPLIED,THE SUMMARY OF THE FINDINGS CONCLUDED EXTERNAL STRESSES APPLIED TO A GRAPHITIZED GAS MAIN INDUCED A CIRCUMFERENTIAL CRACK WHEREBY GAS WAS ALLOWED TO ESCAPE.,KEEP
142,83,95,gas_distribution,EXTREME HEAT,UPON ARRIVAL THE TECHNICIAN NOTED THAT THE METER WAS DAMAGED AND MELTED DUE TO THE EXTREME HEAT OF THE FIRE.,CON
187,69,87,gas_distribution,FAILED TO POT-HOLE,"HOWEVER, THE CONTRACTOR'S EXCAVATION PRACTICES WERE INADEQUATE AS IT FAILED TO POT-HOLE THE 8-INCH MAIN.",KEEP
2068,88,106,gas_transmission_gathering,FAILING TO CONFIRM,THE PRIMARY CAUSE OF THE FAILURE HAS BEEN DETERMINED TO BE THE RESULT OF THE TECHNICIAN FAILING TO CONFIRM MANUFACTURER'S REPAIR PROCEDURE AND OPENING THE VALVE DURING CORRECTIVE MAINTENANCE TO REPLACE THE HYDRAULIC HAND PUMP.,KEEP
86,32,40,gas_distribution,FAILURE,LAB TESTING DETERMINED THAT THE FAILURE INITIATED AT THE GIRTH WELD.,DROP
1183,35,43,gas_distribution,FAILURE,THE ROOT CAUSE WAS  REPORTEDLY THE FAILURE OF REGULATOR STATION HX-363 TO REGULATE PRESSURE FROM THE TRANSMISSION  LINE DUE TO FROZEN WATER IN THE REGULATOR RUN.,DROP
1825,33,64,gas_transmission_gathering,FAILURE OF OPERATING PROCEDURES,THE ROOT CAUSE OF THE FIRE WAS A FAILURE OF OPERATING PROCEDURES IN ALLOWING A POTENTIAL SOURCE OF IGNITION (A VEHICLE) TO BE LOCATED WITHIN AN AREA EXPECTED TO BE TEMPORARILY EXPOSED TO EVOLVED HYDROCARBON VAPORS.,KEEP
7015,92,133,hazardous_liquid,FAILURE OF THE MECHANICAL ISOLATION TOOLS,A 3RD PARTY INVESTIGATION REPORT CONCLUDED THAT THE IMMEDIATE CAUSE OF THE INCIDENT WAS THE FAILURE OF THE MECHANICAL ISOLATION TOOLS TO ISOLATE THE FLAMMABLE VAPORS WITHIN THE HEADER FROM THE WELDING HEAT AND ARCING.,FM
7015,75,141,hazardous_liquid,FAILURE TO FOLLOW SPECIFIC INSTALLATION AND MONITORING PROCEDURES,CONTRIBUTING CAUSES TO THE INCIDENT WERE THE CONTRACTORS AND SUBCONTRACTORS FAILURE TO FOLLOW SPECIFIC INSTALLATION AND MONITORING PROCEDURES ASSOCIATED WITH THE SPECIALTY MECHANICAL ISOLATION TOOLS IN ADDITION TO THE CONTRACTORS AND SUBCONTRACTORS LACK OF PROPER HAZARD RECOGNITION.,KEEP
65,61,66,gas_distribution,FIRE,"AT APPROXIMATELY 18:05, AN IGNITION OCCURRED, RESULTING IN A FIRE AND SUBSEQUENT EXPLOSION.",CON
355,37,42,gas_distribution,FIRE,THE METER SET WAS TOO DAMAGED BY THE FIRE TO BE ABLE TO TEST.,CON
544,106,110,gas_distribution,FIRE,THIS HAS BEEN CHANGED TO FATALITY AS THE HOSPITALIZED PERSON SUCCUMBED TO THE INJURIES SUSTAINED FROM THE FIRE.,CON
654,26,31,gas_distribution,FIRE,RESIDENT WAS INJURED FROM FIRE AND TRANSPORTED TO HOSPITAL.,CON
997,10,15,gas_distribution,FIRE,THIS IS A FIRE FIRST INCIDENT AS PG&E'S FACILITIES WERE SECONDARILY INVOLVED.,KEEP
1165,49,53,gas_distribution,FIRE,WAS SHUT TO STOP THE LEAKING GAS AND PUT OUT THE FIRE.,CON
914,49,60,gas_distribution,FLOW OF GAS,PG&E CREWS ARRIVED AT 1535 HOURS AND SHUT IN THE FLOW OF GAS AT 1639 HOURS BY SQUEEZING THE MAIN.,DROP
3552,4,10,gas_transmission_gathering,FORCE,THE FORCE OF THE ESCAPING GAS BLEW THE PERSON ON THE GROUND A DISTANCE OF APPROXIMATELY 80 FEET KILLING HIM.,DROP
2645,23,31,gas_transmission_gathering,FREEZING,"THE REPEATED CYCLES OF FREEZING AND THAWING MAY HAVE INDUCED STRESSES ON THE ELBOW-PIPE JOINT, THEREBY, CAUSING THE CRACK.",KEEP
3010,0,13,gas_transmission_gathering,FREEZING RAIN,FREEZING RAIN ACCUMULATED ON THE ESD PILOT CAUSING VALVE TO ACTUATE.,KEEP
1183,127,139,gas_distribution,FROZEN WATER,THE ROOT CAUSE WAS  REPORTEDLY THE FAILURE OF REGULATOR STATION HX-363 TO REGULATE PRESSURE FROM THE TRANSMISSION  LINE DUE TO FROZEN WATER IN THE REGULATOR RUN.,KEEP
1172,176,203,gas_distribution,GARAGE COMPRESSOR EXPLODED,CHANNEL 12 NEWS REPORTED THAT A ONE STORY AUTO BODY SHOP COLLAPSED DUE TO AN AIR COMPRESSOR EXPLOSION INSIDE THE BUILDING; ADDITIONAL REPORTS ON-SITE AND IN THE MEDIA STATED A GARAGE COMPRESSOR EXPLODED CAUSING THE BUILDING TO COLLAPSE.,KEEP
914,57,61,gas_distribution,GAS,PG&E CREWS ARRIVED AT 1535 HOURS AND SHUT IN THE FLOW OF GAS AT 1639 HOURS BY SQUEEZING THE MAIN.,DROP
9425,155,166,hazardous_liquid,HEAT DAMAGE,"BLINDS WERE INSTALLED ON THE PUMP FLANGE CONNECTIONS,  EXISTING PIPING WAS INSPECTED AND 1"" VALVES NEXT TO PUMP WERE REMOVED FROM PIPELINE DUE TO POSSIBLE HEAT DAMAGE.",CON
562,90,100,gas_distribution,HIT A TREE,"AT 02:32 AM, BRIAN COOPER RECEIVED A CALL FROM THE CALL CENTER STATING THAT LIGHTNING HAD HIT A TREE AND RAN TO THE GAS MAIN CAUSING A GROUND FIRE.",KEEP
3161,43,50,gas_transmission_gathering,HIT ICE,"LOCAL LAW ENFORCEMENT BELIEVES THAT AN SUV HIT ICE ON THE ROAD, RAN OFF THE ROAD, AND HIT THE REGULATOR STATION CAUSING DAMAGE TO THE FACILITY AND THE GAS IGNITED.",KEEP
596,153,189,gas_distribution,HORIZONTAL DIRECTIONAL DRILLING WORK,PSNC'S INVESTIGATION HAS REVEALED THAT THE SERVICE LINE TO THE STRUCTURE AT 115 NORTH DUKE STREET WAS STRUCK AND DAMAGED DURING OPTIC CABLE TECHNOLOGY'S HORIZONTAL DIRECTIONAL DRILLING WORK.,KEEP
34,19,27,gas_distribution,IGNITION,"AS A RESULT OF THE IGNITION, ONE WASHINGTON GAS EMPLOYEE SUSTAINED BURN INJURIES AND WAS TRANSPORTED TO THE HOSPITAL.",CON
4617,195,211,hazardous_liquid,IGNITION SOURCES,"DURING THE WORK PERMIT AND JSA PROCESS, ALL IGNITION SOURCES WERE NOT PROPERLY IDENTIFIED (E.G., THE ELECTRIC-OVER-HYDRAULIC TORQUING EQUIPMENT) AND SO A PLAN WAS NOT DEVELOPED TO ELIMINATE SUCH IGNITION SOURCES BEFORE PERFORMING WORK, INCLUDING THE LIFTING OF THE SPOOL PIECE WHICH INTRODUCED THE FLAMMABLE VAPORS.",DROP
4617,44,60,hazardous_liquid,IGNITION SOURCES,"DURING THE WORK PERMIT AND JSA PROCESS, ALL IGNITION SOURCES WERE NOT PROPERLY IDENTIFIED (E.G., THE ELECTRIC-OVER-HYDRAULIC TORQUING EQUIPMENT) AND SO A PLAN WAS NOT DEVELOPED TO ELIMINATE SUCH IGNITION SOURCES BEFORE PERFORMING WORK, INCLUDING THE LIFTING OF THE SPOOL PIECE WHICH INTRODUCED THE FLAMMABLE VAPORS.",DROP
209,63,69,gas_distribution,IMPACT,IGNITION OF THE GAS AT THIS ABOVE GRADE FACILITY OCCURRED UPON IMPACT.,KEEP
184,20,29,gas_distribution,IMPACTED,"THIS OBJECT IN-TURN IMPACTED A REDUCING FITTING ON A 12"" 10 PSI CAST-IRON MAIN THAT WAS ADJACENT TO THE BORE PATH, CAUSING A CRACK AND A LEAK.",KEEP
1694,45,62,gas_transmission_gathering,IMPROPER ASSEMBLY,IT WAS CONCLUDED THAT THE ROOT CAUSE WAS THE IMPROPER ASSEMBLY OF THE 2” BLOW DOWN NIPPLE ON THE WELDFIT STOPPLE.,KEEP
2577,38,59,gas_transmission_gathering,IMPROPER INSTALLATION,THE ROOT CAUSE HAS BEEN IDENTIFIED AS IMPROPER INSTALLATION OF THE TUBING TO THE HI PORT ON THE BACK OF THE DIFFERENTIAL PRESSURE GAUGE.,KEEP
3636,151,180,gas_transmission_gathering,INADEQUATE PILOT GAS PRESSURE,THE INVESTIGATION CONCLUDED THAT THE INADVERTENT GAS RELEASE WAS CAUSED BY THE UNPLANNED OPENING OF TWO ACTUATED EMERGENCY SHUTDOWN VENT VALVES DUE TO INADEQUATE PILOT GAS PRESSURE.,KEEP
1025,76,95,gas_distribution,INCORRECTLY LABELED,"SUBSEQUENT TESTING SHOWED A CORROSION LEAK APPROXIMATELY FOUR FEET FROM THE INCORRECTLY LABELED CURB BOX, AND ADDITIONAL EXAMINATION OF THAT FACILITY REVEALED THAT THE ELBOW AT THE TERMINATION OF THE DISCONTINUED CUSTOMER-OWNED SERVICE LINE WAS UNCAPPED.",KEEP
767,39,61,gas_distribution,INFLUX OF HYDROCARBONS,THE REGULATOR FAILURE WAS CAUSED BY AN INFLUX OF HYDROCARBONS AFFECTING THE FUNCTION OF THE REGULATORS.,KEEP
1838,258,266,gas_transmission_gathering,INSTALL,"PROCEDURES INVOLVING PURGING GAS FACILITIES, INSTALLATION AND OPERATION OF AIR MOVERS, AND TEMPORARY VENT STACKS PROVIDE A BARRIER IN THE FORM OF REQUIREMENTS TO CALCULATE AND MONITOR PURGE DRIVE PRESSURE, PROPERLY SIZE AIR MOVERS AND FRESH AIR SOURCES, AND INSTALL TEMPORARY VENT STACKS TO SAFELY DISPERSE GAS TO ATMOSPHERE.",DROP
5296,65,89,hazardous_liquid,INSUFFICIENT LUBRICATION,PUMP FAILURE ROOT CAUSE:   THE INVESTIGATION TEAM CONCLUDED THAT INSUFFICIENT LUBRICATION CAUSED THE P-187 MOTOR RADIAL BEARING TO SEIZE FROM INSUFFICIENT LUBRICATION IS AN INCORRECT OIL LEVEL AFTER AN OIL CHANGE PERFORMED A FEW DAYS BEFORE THE EVENT.,KEEP
5296,142,166,hazardous_liquid,INSUFFICIENT LUBRICATION,PUMP FAILURE ROOT CAUSE:   THE INVESTIGATION TEAM CONCLUDED THAT INSUFFICIENT LUBRICATION CAUSED THE P-187 MOTOR RADIAL BEARING TO SEIZE FROM INSUFFICIENT LUBRICATION IS AN INCORRECT OIL LEVEL AFTER AN OIL CHANGE PERFORMED A FEW DAYS BEFORE THE EVENT.,KEEP
6133,61,79,hazardous_liquid,INTERNAL CORROSION,THE PRIMARY CAUSE OF THIS INCIDENT IS RELATED TO A THIN WALL INTERNAL CORROSION AREA ON THE BOTTOM OF THE PIPE AT THE LOCATION OF THE SLEEVE CIRCUMFERENTIAL WELD THAT WAS NOT IDENTIFIED DURING THE UT TESTING OF THE AREA PRIOR TO WELDING.,FM
6934,161,178,hazardous_liquid,INTERNAL PRESSURE,CONTRIBUTING TO THE LOCATION OF THE CRACKING WAS EXTERNAL LOADING THAT CAUSED BENDING STRESS IN THE PIPE IN ADDITION TO THE CYCLIC STRESSES IN THE PIPE FROM THE INTERNAL PRESSURE OF THE AMMONIA TRANSPORTED.,KEEP
7015,249,282,hazardous_liquid,LACK OF PROPER HAZARD RECOGNITION,CONTRIBUTING CAUSES TO THE INCIDENT WERE THE CONTRACTORS AND SUBCONTRACTORS FAILURE TO FOLLOW SPECIFIC INSTALLATION AND MONITORING PROCEDURES ASSOCIATED WITH THE SPECIALTY MECHANICAL ISOLATION TOOLS IN ADDITION TO THE CONTRACTORS AND SUBCONTRACTORS LACK OF PROPER HAZARD RECOGNITION.,KEEP
5406,58,76,hazardous_liquid,LACK OF VISIBILITY,"BECAUSE THE AREA OF THE LEAK COULD NOT BE ACCESSED DUE TO LACK OF VISIBILITY CAUSED BY THE CO2 RELEASE, THE INTERCONNECT VALVE COULD NOT BE SAFELY SHUT, IN ORDER TO ISOLATE THE NEJD PIPELINE FROM THE LOCKHART LATERAL.",DROP
1038,107,135,gas_distribution,LACKING ADEQUATE PENETRATION,"NJNG BELIEVES THAT THERE WERE THREE PRIMARY CONTRIBUTING CAUSES FOR THE FAILURE:  (I) A POOR QUALITY WELD, LACKING ADEQUATE PENETRATION; (II) ENVIRONMENTALLY ASSISTED CRACKING OF THE WELD (E.G., CORROSION); AND (III) EXTERNAL STRESS ON THE GAS MAIN, POSSIBLY FROM POST-INSTALLATION IMPACT, DIFFERENTIAL SOIL SETTLEMENT BELOW THE PIPE, SOIL DISPLACEMENT FROM ADJACENT CONSTRUCTION, ETC.",FM
874,124,128,gas_distribution,LEAK,THE GAS PIPELINE WAS VERIFIED TO HAVE SUFFICIENT PRESSURE TO PREVENT AN INTERRUPTION TO THE DOWNSTREAM CUSTOMERS DURING THE LEAK.,CON
2228,95,117,gas_transmission_gathering,LEAKING MAINLINE VALVE,"THE NTSB'S PIPELINE INVESTIGATION REPORT DETERMINED THAT THE PROBABLE CAUSE OF THE EVENT WAS A LEAKING MAINLINE VALVE THAT ALLOWED NATURAL GAS TO ENTER THE LAUNCHER WHERE IT MIXED WITH AIR, CREATING A FLAMMABLE GAS-AIR MIXTURE THAT WAS IGNITED BY AN UNDETERMINED SOURCE.",FM
562,76,85,gas_distribution,LIGHTNING,"AT 02:32 AM, BRIAN COOPER RECEIVED A CALL FROM THE CALL CENTER STATING THAT LIGHTNING HAD HIT A TREE AND RAN TO THE GAS MAIN CAUSING A GROUND FIRE.",KEEP
1404,30,43,gas_distribution,LIGHTNING HIT,"DURING A SERVER THUNDERSTORM, LIGHTNING HIT THE RESIDENTIAL GAS METER AT 3311 CITY HEIGHTS RD IN ASHLAND WI.",KEEP
2488,31,47,gas_transmission_gathering,LIGHTNING STRUCK,"IT IS THEREFORE SUSPECTED THAT LIGHTNING STRUCK THE TOWER DURING A STORM, CREATING A SURGE OF ENERGY THAT RELEASED INTO THE GROUND THROUGH THE GROUNDING ROD.",KEEP
2531,285,307,gas_transmission_gathering,LOAD CARRYING CAPACITY,"/  SUPPLEMENTAL REPORT (10/04/2019)  UPDATED PART D.7 TO INCLUDE COST OF DAMAGE    SUPPLEMENTAL REPORT (10/24/2019)  THE METALLURGICAL ROOT CAUSE OF THE INCIDENT WAS A RESULT OF DUCTILE OVERLOAD FROM A LONGITUDINAL TENSILE OR BENDING FORCE, LIKELY FROM LAND MOVEMENT THAT EXCEEDED THE LOAD CARRYING CAPACITY OF THE WELD.",DROP
1530,22,43,gas_distribution,LONG-TERM DEFORMATION,"THIS LED TO EXCESSIVE LONG-TERM DEFORMATION OF THE PIPE, CAUSING PREMATURE FAILURE.",FM
2849,116,121,gas_transmission_gathering,LOSS,METALLURGICAL ANALYSIS CONCLUDED THE FAILURE OCCURRED AT THE 5:30 O'CLOCK ORIENTATION AT A REGION OF EXTERNAL METAL LOSS NEAR A GIRTH WELD THAT HAD BEEN COATED WITH POLYETHYLENE TAPE.,DROP
141,143,155,gas_distribution,MADE THE CUT,"IT WAS DISCOVERED THAT A THIRD-PARTY CONTRACTOR HAD BEEN HIRED TO CLEAR OUT OLD UTILITIES IN THE BASEMENT OF THE BUILDING, AND THAT CONTRACTOR MADE THE CUT TO THE INACTIVE SERVICE LINE.",KEEP
5648,51,69,hazardous_liquid,MECHANICAL FAILURE,BELVIEU NORTH TERMINAL PUMP MANIFOLD SEIZED DUE TO MECHANICAL FAILURE.,FM
7673,66,84,hazardous_liquid,MECHANICAL FAILURE,APPROXIMATELY 10 BBLS OF CRUDE OIL WERE RELEASED AS A RESULT OF A MECHANICAL FAILURE ON THE MOTOR BEARING OF THE TANK 1287 BOOSTER PUMP.,FM
950,125,134,gas_distribution,METER SET,"ON JANUARY 17, 2016 AT 1659 HOURS, PG&E WAS NOTIFIED OF A POTENTIAL GAS-RELATED EXPLOSION AND FIRE ASSOCIATED WITH AN INSIDE METER SET AT 61 MARR AVENUE IN OAKLAND.",DROP
4390,157,174,hazardous_liquid,MICROBIAL INDUCED,SUPPLEMENTAL REPORT:  FURTHER INVESTIGATION INTO THE CAUSE OF THE FAILURE AND METALLURGICAL ANALYSIS DETERMINED THE ROOT CAUSE OF THE INTERNAL CORROSION WAS MICROBIAL INDUCED.,KEEP
1159,0,11,gas_distribution,MOVING SOIL,"MOVING SOIL ACTING ON THE IMMOVABLE RISER ENCASED IN CONCRETE, MORTAR AND TILE MAY HAVE CAUSED THE CRACK AT THE THREADED END OF THE SERVICE LINE.",KEEP
1747,227,232,gas_transmission_gathering,NGPL,"THE FIRE AT ONEOK/NGPL CONNECTION SELF-EXTINGUISHED AT 22:10HRS    SUPPLEMENTAL - FOLLOWING A REVIEW OF THE CONTRIBUTING FACTORS OF THE EVENT, IT WAS DETERMINED THAT THE PRIMARY CAUSE OF THE EVENT WAS A LIGHTNING STRIKE TO THE NGPL METER SITE.",DROP
7787,57,82,hazardous_liquid,NOT BEEN PROPERLY SECURED,AN INVESTIGATION OF THE INCIDENT REVEALED THE TUBING HAD NOT BEEN PROPERLY SECURED TO THE SUPPORT AFTER A PREVIOUS TUBING REPAIR.,KEEP
712,135,154,gas_distribution,NOT PROPERLY MARKED,"ALTHOUGH EBMUD HAD A VALID USA TICKET (W735500270) TO PERFORM EXCAVATION AT THE JOBSITE, THE FACILITY WHICH WAS STRUCK AND DAMAGED WAS NOT PROPERLY MARKED PURSUANT TO THE USA TICKET .",KEEP
5832,102,118,hazardous_liquid,NOT PROPERLY SET,"AFTER INVESTIGATION IT WAS DETERMINED THAT THE FERRULE ON THE 3/8"" STAINLESS STEEL TUBING FITTING WAS NOT PROPERLY SET WHEN IT WAS INSTALLED PRIOR TO COMMISSIONING IN 2015.",KEEP
8428,37,68,hazardous_liquid,OPERATING PRESSURE FLUCTUATIONS,THE CRACK PROPAGATED BY FATIGUE FROM OPERATING PRESSURE FLUCTUATIONS UNTIL IT WAS NEARLY THROUGH THE WELD.,KEEP
1261,80,92,gas_distribution,OUTSIDE ODOR,"ON JANUARY 13, 2013 AT 22:28 THE RESIDENT AT 1060 KNOLLWOOD RD (TG) REPORTED AN OUTSIDE ODOR AND GAS DISTRIBUTION SERVICES (GDS) RESPONDED, INVESTIGATED AND DETECTED 10% OVER THE 12"" 1948 245 PSI TRANSMISSION MAIN.",CON
537,56,99,gas_distribution,PAINT MARKS WERE NOT MAINTAINED OR VISIBLE.,A MARKOUT REQUEST WAS ISSUED SEVERAL MONTHS EARLIER BUT PAINT MARKS WERE NOT MAINTAINED OR VISIBLE.,KEEP
1377,57,75,gas_distribution,PARTIALLY INSERTED,"BECERRA ENTERED THE EXCAVATION AND THE 3"" LPPE WHICH WAS PARTIALLY INSERTED, MOVED AND STRUCK MR.",KEEP
1461,195,215,gas_distribution,PARTIALLY OBSTRUCTED,"2 DAYS LATER ON TUESDAY 1/25/2011, INVESTIGATORS FROM FIRE MARSHAL'S OFFICE SUSPECTED A POSSIBLE OVER PRESSURIZATION BASED ON SOME MARKS ON WATER HEATING EQUIPMENT, AND THE REGULATOR VENT PIPING PARTIALLY OBSTRUCTED.",KEEP
1038,88,105,gas_distribution,POOR QUALITY WELD,"NJNG BELIEVES THAT THERE WERE THREE PRIMARY CONTRIBUTING CAUSES FOR THE FAILURE:  (I) A POOR QUALITY WELD, LACKING ADEQUATE PENETRATION; (II) ENVIRONMENTALLY ASSISTED CRACKING OF THE WELD (E.G., CORROSION); AND (III) EXTERNAL STRESS ON THE GAS MAIN, POSSIBLY FROM POST-INSTALLATION IMPACT, DIFFERENTIAL SOIL SETTLEMENT BELOW THE PIPE, SOIL DISPLACEMENT FROM ADJACENT CONSTRUCTION, ETC.",KEEP
286,165,178,gas_distribution,POSSIBLE LEAK,"ON TUESDAY, FEBRUARY 8, 2022, AT APPROXIMATELY 14:27 HOURS CONSUMERS ENERGY WAS NOTIFIED BY OUR LEAK SURVEY CONTRACTOR (PERFORMING A DISCRETIONARY LEAK SURVEY) OF A POSSIBLE LEAK AT/NEAR 1004 PORTAGE ROAD, (KALAMAZOO COUNTY) KALAMAZOO, MI.",CON
1038,264,288,gas_distribution,POST-INSTALLATION IMPACT,"NJNG BELIEVES THAT THERE WERE THREE PRIMARY CONTRIBUTING CAUSES FOR THE FAILURE:  (I) A POOR QUALITY WELD, LACKING ADEQUATE PENETRATION; (II) ENVIRONMENTALLY ASSISTED CRACKING OF THE WELD (E.G., CORROSION); AND (III) EXTERNAL STRESS ON THE GAS MAIN, POSSIBLY FROM POST-INSTALLATION IMPACT, DIFFERENTIAL SOIL SETTLEMENT BELOW THE PIPE, SOIL DISPLACEMENT FROM ADJACENT CONSTRUCTION, ETC.",KEEP
3295,51,105,gas_transmission_gathering,PRESENCE OF ICE IN THE PILOT SENSING LINE OF THE VALVE,AN INTERNAL INVESTIGATION TEAM DETERMINED THAT THE PRESENCE OF ICE IN THE PILOT SENSING LINE OF THE VALVE WAS LIKELY THE CAUSE OF THE EQUIPMENT MALFUNCTION.,KEEP
3515,63,77,gas_transmission_gathering,PRESSURE DROPS,"GAS CONTROL PERSONNEL FOR TENNESSEE GAS PIPELINE (TGP) NOTICED PRESSURE DROPS RELATIVE TO ITS PIPELINE IN VALVE SECTION 214 DOWNSTREAM OF CARROLLTON COMPRESSOR STATION AND NEAR THE TOWN OF HANOVERTON, OH AROUND 10:30 PM EST ON FEBRUARY 10, 2011.",DROP
1391,70,96,gas_distribution,PREVIOUS EXCAVATING DAMAGE,THIRD PARTY CONTRACTOR WAS EXCAVATING SEWER TO MAKE REPAIRS CAUSED BY PREVIOUS EXCAVATING DAMAGE CAUSED BY SAME CONTRACTOR.,KEEP
103,71,94,gas_distribution,PRIOR EXCAVATION DAMAGE,"HOPE SELECTED ""NO"" IN G3 BECAUSE THE SPECIFIC OPERATOR AND DATE OF THE PRIOR EXCAVATION DAMAGE IS NOT KNOWN AND IS SUBJECT OF THE ONGOING LITIGATION.",KEEP
1215,98,107,gas_distribution,PULL FROM,"THIS WORKER, USING A BACKHOE, PULLED ON THE 2"" STEEL GAS SERVICE FOR THE BOWMAN GYM CAUSING IT TO PULL FROM A CONNECTING COUPLING CAUSING GAS TO LEAK.",KEEP
1210,74,81,gas_distribution,RELEASE,"THIS INCIDENT WAS REPORTED TO THE DOT AND CPUC BECAUSE DAMAGES DUE TO THE RELEASE OF GAS ARE IN EXCESS OF $50,000.",CON
4252,4,11,hazardous_liquid,RELEASE,THE RELEASE AND SUBSEQUENT IGNITION RESULTED IN TWO CONTRACTOR INJURIES.,CON
6922,4,11,hazardous_liquid,RELEASE,THE RELEASE OCCURRED DURING SCHEDULED MAINTENANCE ASSOCIATED WITH THE REPAIR OF LINE 1 DUE TO A PRIOR INCIDENT (CR-91).,CON
154,110,120,gas_distribution,ROOT CAUSE,THE REMOVED SECTION OF THE PIPE WAS SENT TO A FORENSIC METALLURGICAL LABORATORY FOR ANALYSIS TO DETERMINE THE ROOT CAUSE.,DROP
1699,43,51,gas_transmission_gathering,RUPTURED,"ON 9/12/2025 AT APPROXIMATELY 19:32, UP-24 RUPTURED AT STATION 125+05 NEAR THE DRIP AND LAUNCHER / RECEIVER AT THE UW-204 WELL PAD IN FORBES STATE FOREST WHICH IS LOCATED WEST OF FARMINGTON, PA IN FAYETTE COUNTY.",FM
7645,97,109,hazardous_liquid,SEAL FAILURE,THE PUMP WAS IMMEDIATELY SHUT DOWN AND THE SPILL AREA WAS MINIMIZED TO WHAT HAD SPRAYED FROM THE SEAL FAILURE.,FM
3082,33,43,gas_transmission_gathering,SEPARATED,"SHORTLY THEREAFTER, THE PIPELINE SEPARATED FROM THE MECHANICAL COUPLING, WHICH RESULTED IN A RELEASE OF GAS.",FM
1404,9,28,gas_distribution,SERVER THUNDERSTORM,"DURING A SERVER THUNDERSTORM, LIGHTNING HIT THE RESIDENTIAL GAS METER AT 3311 CITY HEIGHTS RD IN ASHLAND WI.",KEEP
1071,130,135,gas_distribution,SLAG,"IN RESPONSE TO THE INCIDENT, CREWS SHUT THE INLET VALVE TO THE REGULATOR STATION, HOWEVER THE RELIEF CONTINUED TO VENT DUE TO THE SLAG ON SEAT OF THE RELIEF.",KEEP
1038,335,352,gas_distribution,SOIL DISPLACEMENT,"NJNG BELIEVES THAT THERE WERE THREE PRIMARY CONTRIBUTING CAUSES FOR THE FAILURE:  (I) A POOR QUALITY WELD, LACKING ADEQUATE PENETRATION; (II) ENVIRONMENTALLY ASSISTED CRACKING OF THE WELD (E.G., CORROSION); AND (III) EXTERNAL STRESS ON THE GAS MAIN, POSSIBLY FROM POST-INSTALLATION IMPACT, DIFFERENTIAL SOIL SETTLEMENT BELOW THE PIPE, SOIL DISPLACEMENT FROM ADJACENT CONSTRUCTION, ETC.",KEEP
1621,101,108,gas_transmission_gathering,SOURCE,"AT ~12:55PM, EE #7, WITH THE ASSISTANCE OF EE #8, BEGAN TO COORDINATE ON-SITE EFFORTS TO ISOLATE THE SOURCE OF THE LEAK, IN CONJUNCTION WITH MGC.",DROP
6088,48,53,hazardous_liquid,SPARK,"THE IGNITION SOURCE WOULD APPEAR TO BE EITHER A SPARK FROM THE EXCAVATION CHAIN TRENCHER MACHINE MECHANICALLY BEING IN CONTACT WITH THE METAL DCP PIPELINE, OR THE ENGINE FROM THE EXCAVATOR CHAIN TRENCHER MACHINE COMING INTO CONTACT WITH ESCAPING NATURAL GAS LIQUIDS.",KEEP
577,25,34,gas_distribution,SQUIRREL,IT WAS DETERMINED THAT A SQUIRREL SHORTED THE OVERHEAD POWER FACILITY TO THE GROUND ON THE POWER POLE.,KEEP
2488,67,72,gas_transmission_gathering,STORM,"IT IS THEREFORE SUSPECTED THAT LIGHTNING STRUCK THE TOWER DURING A STORM, CREATING A SURGE OF ENERGY THAT RELEASED INTO THE GROUND THROUGH THE GROUNDING ROD.",KEEP
1747,213,220,gas_transmission_gathering,STRIKE,"THE FIRE AT ONEOK/NGPL CONNECTION SELF-EXTINGUISHED AT 22:10HRS    SUPPLEMENTAL - FOLLOWING A REVIEW OF THE CONTRIBUTING FACTORS OF THE EVENT, IT WAS DETERMINED THAT THE PRIMARY CAUSE OF THE EVENT WAS A LIGHTNING STRIKE TO THE NGPL METER SITE.",KEEP
596,102,109,gas_distribution,STRUCK,PSNC'S INVESTIGATION HAS REVEALED THAT THE SERVICE LINE TO THE STRUCTURE AT 115 NORTH DUKE STREET WAS STRUCK AND DAMAGED DURING OPTIC CABLE TECHNOLOGY'S HORIZONTAL DIRECTIONAL DRILLING WORK.,KEEP
854,41,48,gas_distribution,STRUCK,"THIRD PARTY CONTRACTOR, MCM CONSTRUCTION STRUCK A 2"" PLASTIC MAIN WHILE PERFORMING HORIZONTAL DRILLING.",KEEP
862,141,148,gas_distribution,STRUCK,"A CMS CREW WAS SENT OUT AND TO INVESTIGATE AT 23:23 AND CMS DISPATCH WAS NOTIFIED ON 10/23 AT 23:27 THAT A CONTRACTOR INSTALLING A GUARDRAIL STRUCK A 12"" DIAMETER, 100 PSI NATURAL GAS DISTRIBUTION MAIN.",KEEP
905,72,79,gas_distribution,STRUCK,"IT WAS DETERMINED THAT THE VEHICLE CROSSED THROUGH THE STATION YARD AND STRUCK THE 3"" NIPPLE ON A BLOW-OFF, THE LEAKING GAS DID IGNITE WHICH CAUSE THE 30-INCH PIPELINE RUPTURE.",KEEP
1274,25,32,gas_distribution,STRUCK,USING PROBE BAR EMPLOYEE STRUCK AND PUNCTURED SERVICE LINE CAUSING GAS TO ENTER BUILDING.,KEEP
1493,110,117,gas_distribution,STRUCK,"AT APPROXIMATELY 12:24 P.M. ON OCTOBER 30, 2010, NW NATURAL WAS NOTIFIED BY A 9-1-1 DISPATCHER THAT A VEHICLE STRUCK A METER SET AT 5408 NE ST.",KEEP
1582,10,17,gas_distribution,STRUCK,THE TRUCK STRUCK THE HOUSE WHERE THE GAS METER WAS SET BREAKING THE METER OFF AT THE RISER.,KEEP
2897,103,109,gas_transmission_gathering,STRUCK,"ON 11/16/2015 AT 01:50 AM THE COMMUNICATIONS TOWER AT THE SSC COMPRESSOR STATION IN WELDA, KS FELL AND STRUCK A 1"" WELD-O-LET THAT WAS FEEDING A MEASUREMENT TRANSMITTER LINE.",KEEP
116,60,78,gas_distribution,STRUCK AND DAMAGED,"A THIRD-PARTY PARTY EXCAVATOR (BALFOUR BEATTY CONSTRUCTION) STRUCK AND DAMAGED AN ATLANTA GAS LIGHT COMPANY (AGLC) 6-INCH STEEL GAS MAIN WHILE VERTICALLY DRILLING FOR A NEW BUILDING FOUNDATION NEAR THE INTERSECTION OF PIEDMONT AVENUE SE AT MLK JR DRIVE SW, ATLANTA.",KEEP
176,186,207,gas_distribution,STRUCK BY THE VEHICLE,DEO EMPLOYEES RESPONDED AND ARRIVED AT THE SCENE AT 20:07 AND SHUT THE GAS OFF AND PERFORMED A FIRE INVESTIGATION AND SHUT OFF GAS TO THE SECOND HOME (3421 E 139TH STREET) THAT HAD BEEN STRUCK BY THE VEHICLE AS A PRECAUTION.,KEEP
146,180,201,gas_distribution,SUBSEQUENTLY STRIKING,"ON APRIL 5, 2024, AT APPROXIMATELY 13:07 PM, A 10-INCH STEEL HIGH PRIORITY GAS MAIN WAS DAMAGED BY A THIRD-PARTY CONTRACTOR ATTEMPTING TO DRIVE A STEEL SHEET PILE INTO THE GROUND, SUBSEQUENTLY STRIKING THE GAS FACILITY.",KEEP
2208,166,177,gas_transmission_gathering,SUPERHEATED,"WHILE DOORS (THE MAJORITY OF WHICH WERE OPEN) AND WINDOWS WERE DAMAGED, THEY WERE DAMAGED BY THE FIRE ' AS AN EXAMPLE, METAL DOORS SHOWED SIGNS OF WARPING FROM BEING SUPERHEATED AS OPPOSED TO BULGING FROM AN OVERPRESSURE EVENT.",DROP
674,87,99,gas_distribution,TENSILE LOAD,"PER THE REPORTS, THE CRACK GROWTH AND LEAK POINT ON THE COUPLING WAS CONSISTENT WITH A TENSILE LOAD ON THE COUPLING.",KEEP
2645,36,43,gas_transmission_gathering,THAWING,"THE REPEATED CYCLES OF FREEZING AND THAWING MAY HAVE INDUCED STRESSES ON THE ELBOW-PIPE JOINT, THEREBY, CAUSING THE CRACK.",KEEP
2675,28,46,gas_transmission_gathering,THIRD-PARTY STRIKE,"UPON CONFIRMATION  THAT THE THIRD-PARTY STRIKE CAUSED A RUPTURE AND FIRE RESULTING IN THE DEATHS OF TWO (2) PERSONS AND INJURIES TO TWO (2) OTHERS, WHO WERE IMMEDIATELY HOSPITALIZED, NGPL ISSUED A REVISED NRC NOTICE (NO.",KEEP
761,90,98,gas_distribution,UNAWARE,THE WELDER ATTEMPTED TO WELD THE PLUG SHUT AND IGNITED A SMALL AMOUNT OF GAS WHICH HE WAS UNAWARE WAS BYPASSING.,DROP
1206,235,256,gas_distribution,UNINTENTIONAL RELEASE,"AT APPROXIMATELY 1028 HOURS ON JULY 26, 2013, PG&E WAS NOTIFIED BY CAL FIRE THAT A THIRD PARTY EXCAVATOR, DIGGING WITH A MECHANICAL TRENCHER AT 4367 GRESHAM DR IN EL DORADO HILLS, HAD STRUCK A 1/2-INCH PLASTIC SERVICE, RESULTING IN AN UNINTENTIONAL RELEASE OF GAS.",CON
389,144,167,gas_distribution,UNKNOWN IGNITION SOURCE,"AGLC BELIEVES THAT GAS FROM THE DAMAGED 1.25-INCH MAIN ACCUMULATED WITHIN ONE OF THE APARTMENTS NEAREST THE CUT LINE AND WAS THEN IGNITED BY AN UNKNOWN IGNITION SOURCE, CAUSING THE EXPLOSION AND ENSUING FIRE.",DROP
1272,175,198,gas_distribution,UNKNOWN IGNITION SOURCE,"WHILE ATTEMPTING TO REMOVE A 1 1/4"" X 1"" STEEL BUSHING FROM AN 1 1/4"" X 1 1/4"" LOCK WING VALVE, SAID VALVE BECAME SEPARATED FROM SERVICE RISER AND ESCAPING GAS WAS IGNITED BY UNKNOWN IGNITION SOURCE CAUSING DAMAGE TO (2) SINGLE FAMILY DWELLINGS.",DROP
3636,79,96,gas_transmission_gathering,UNPLANNED OPENING,THE INVESTIGATION CONCLUDED THAT THE INADVERTENT GAS RELEASE WAS CAUSED BY THE UNPLANNED OPENING OF TWO ACTUATED EMERGENCY SHUTDOWN VENT VALVES DUE TO INADEQUATE PILOT GAS PRESSURE.,FM
1789,245,253,gas_transmission_gathering,VENT GAS,"IT WAS DETERMINED THAT AN O-RING ON THE SHAFT SEAL FAILED DURING THE BELOW FREEZING WEATHER, WHICH INCLUDED ICE AND SNOW, ON THE 8"" PILOT OPERATOR ON THE STATION ESD VENT VALVE ON THE SUCTION HEADER OF THE STATION, CAUSING THE VALVE TO OPEN AND VENT GAS.",CON
8315,129,145,hazardous_liquid,VENT INCORRECTLY,THE FINAL DETERMINATION FOR THE CAUSE OF THE INCIDENT WAS THE CONTRACTOR INSTALLED THE FOREMAN'S LOW PRESSURE ISOLATION PLUG AND VENT INCORRECTLY.,KEEP
116,143,162,gas_distribution,VERTICALLY DRILLING,"A THIRD-PARTY PARTY EXCAVATOR (BALFOUR BEATTY CONSTRUCTION) STRUCK AND DAMAGED AN ATLANTA GAS LIGHT COMPANY (AGLC) 6-INCH STEEL GAS MAIN WHILE VERTICALLY DRILLING FOR A NEW BUILDING FOUNDATION NEAR THE INTERSECTION OF PIEDMONT AVENUE SE AT MLK JR DRIVE SW, ATLANTA.",KEEP
257,96,110,gas_distribution,WAS NOT MARKED,"AN INCIDENT INVESTIGATION DETERMINED THE A 2"" NATURAL GAS STUB WAS DOCUMENTED ON THE RECORD BUT WAS NOT MARKED BY THE STAKING EMPLOYEE RESULTING IN A NATURAL GAS PIPELINE DAMAGE.",KEEP
957,78,96,gas_distribution,WATER INFILTRATION,"AT 13:36, SUPERVISION REPORTED A PROBABLE WATER MAIN BREAK IN THE AREA DUE TO WATER INFILTRATION INTO THE REPAIR EXCAVATION AT THE SOUTHEAST CORNER OF EAST 188 STREET AND PARK AVENUE AND N.Y.C. DEPARTMENT OF ENVIRONMENTAL PROTECTION (DEP) WAS NOTIFIED TO RESPOND.",KEEP
